0	-1	-1	1598891820	-1	0.0	-1	7E56C27BFF0305E788DA55A029EC4988	-1	-1	-1	-1	-1	-1	-1	-1	-1	-1	57A1D462A03BD076E029CF9310C11FC5	A66DB02AC1726A8D79C518B7F7AB79F0	-1	E3DDEB04F8AFF944B11943BB57D2F620	493CFB4A87C50804C94C0CF76ABD19CD
0	-1	-1	1598925284	0	0.0	4C90FD52FC53D2C1C205844CB69575AB	D7D1FB49049702BF6338894757E0D959	-1	1B491180398E2F0390E6A588B3BCE291	3CE3D1623D32FB2A901822910AF72A0B	033E492229C2222EFAA16EE8A6462D8B	CD599E5A946D00A81A875E085F7EF1E8	-1	-1	-1	-1	-1	57A1D462A03BD076E029CF9310C11FC5	4C6C62203B4CE5AA6DFCF17F2604DC37	3CE3D1623D32FB2A901822910AF72A0B C83584C67375245584CEBF5DCE5BEE2D 433F863D5C22AD109B6B8A3FD0FC3C8D 013488E3D241A3150FBAC2229EA24586 EAF9F095D26945EA3EAC02F0F798A891 478E0E815FE39DAB2C5F1174FAC52B66 8E7BB0AD318952FA355983D86EE19980	BD01BAFAE73CF38C403978BBB458300C	D0EBCD4402172AE3AA6FD21FB77BDE84
0	-1	-1	1598892568	-1	0.0	-1	7E56C27BFF0305E788DA55A029EC4988	-1	-1	-1	-1	-1	-1	-1	-1	-1	-1	-1	-1	-1	C4D189327BD87FEB3BF896DA716C6995	E8A8BEA257B19574C36108D0F0CDADE5
0	-1	-1	1598891174	-1	0.0	-1	D7D1FB49049702BF6338894757E0D959	B0E6BD3ACC0707BAB31CA2C2B08E652F	-1	-1	-1	-1	-1	-1	-1	-1	-1	-1	-1	-1	440255DF62CFD36FBC0206828FC488E0	9703077BD18F430BD232A6F74931928E
0	-1	-1	1598905245	-1	0.0	-1	7E56C27BFF0305E788DA55A029EC4988	-1	-1	-1	-1	-1	-1	-1	-1	-1	-1	57A1D462A03BD076E029CF9310C11FC5	5F4AFF2693601C2EFFE9AF2C1ED4222E	-1	E3DDEB04F8AFF944B11943BB57D2F620	703B8CFC8D65A67BDF96595CCF992D27
1	89.9	442485	1598929598	9	49.95	0CD76C7030D0900BE250C8D41703D180	D7D1FB49049702BF6338894757E0D959	-1	A5D15FC386510762EC0DDFF54ABE6F94	5678890DC6A51DC56FF0BCBD5A7E99AD	EC997D43AC86A75D9B88A1051F86A67C	1CA629F8F10B2541E08A1A994CDA0F1D	F791095E78AAC9F6A0C9D4948E6AA729	E970B6E90DCE5E7769360E6BD6532433	17B7ED5C6FE3EF8EC27330318AE867B9	-1	-1	D963E3BCE149E71F5D5E3000DCF68A9F	C806140F3AF11759BEF4E3B79B51588F	5678890DC6A51DC56FF0BCBD5A7E99AD 9EBC9598EC9B33DD3D221CE38D8A4D60 408A295ADFF10CCCBDE86D9868DEB9C3 B3049B3AC78CEC3A5F33F45A64357461	743B1EE3A39E06D855A72B3B66D501D0	E94BA61ACE2488B7DA7920736B82DFBD
0	-1	-1	1598940008	-1	0.0	-1	7E56C27BFF0305E788DA55A029EC4988	-1	-1	-1	-1	-1	-1	-1	-1	-1	-1	57A1D462A03BD076E029CF9310C11FC5	EE31CDA023E1237FBAD9C75E08C1D2BF	-1	E3DDEB04F8AFF944B11943BB57D2F620	B361216FD8F17C7F748DFAC7EEA9C231
1	158.33	184	1598908235	-1	158.33	-1	D7D1FB49049702BF6338894757E0D959	-1	-1	-1	-1	-1	-1	-1	-1	-1	-1	57A1D462A03BD076E029CF9310C11FC5	9E12223B51B3D14342F2DBD05EA8B302	-1	E3DDEB04F8AFF944B11943BB57D2F620	A00E7A8538C058366DA15181CC56FD99
0	-1	-1	1598933796	1	0.0	88460293E9517D21E39AA889BD5AADC8	7E56C27BFF0305E788DA55A029EC4988	-1	A5D15FC386510762EC0DDFF54ABE6F94	-1	2551A1FA7839742971CDF4C67667E17A	BAF3B3C341EAE48387D11D673237916B	2B30C816DB52E7CFCCF9526143A7C8BD	453F5340FC0B1927E203AF56B9E39B07	-1	-1	-1	57A1D462A03BD076E029CF9310C11FC5	D15D0027644CA88D3C3F41858D854B93	ED76855EDD299B2585CDCB911F6CECC5 B1A4ED172F028270751F7AF3D8B4996D	6E2A0A83CA3B44030C176D1439120336	0DBD9B05FDE6B4497D79261FA92EB213
0	-1	-1	1598900998	234	0.0	921B36149E5B081FD24450BFE2CE4430	7E56C27BFF0305E788DA55A029EC4988	-1	A5D15FC386510762EC0DDFF54ABE6F94	29C0B2B5126E480F0DD4454F31F10A39	E02400CDAD96905D88E932FE9B7D3552	4295BE0EC68D12EDB7D771310069C493	6E306FFF3406CEE66D2554A4ABF7C54F	-1	-1	-1	-1	D963E3BCE149E71F5D5E3000DCF68A9F	06E7548AA2605A9B215EF25E24DB3498	5CEA20F75E419625E7133E795048FFB0 2EC1DEB85193BEF729401B4FB226AA8F 29C0B2B5126E480F0DD4454F31F10A39	F122B91F6D102E4630817566839A4F1F	B61713893FE936845E38AAD86760846B
0	-1	-1	1598867812	5	0.0	88460293E9517D21E39AA889BD5AADC8	7E56C27BFF0305E788DA55A029EC4988	-1	-1	-1	2134F56D3769B5022DB7172F1536B749	AFD1C37D8C150F6BD24EDB35AE6FAF29	-1	-1	-1	-1	-1	D963E3BCE149E71F5D5E3000DCF68A9F	5FC23EAB45470530B81DC9D47CFE1E1C	44E2EA3C9541608DD75CDCA8E7EF5C1F 60E4FF38771D4087C557ACC539F1BF81 E59987E1591296DAEB81587F8409725F 1889EE38B9F57EACF78ED1772A9AD6C5	0403781144C992FB9EA92E0A1C58D25F	BE808A03C3E2408F0B6784491D79ED3B
0	-1	-1	1598891932	-1	0.0	-1	D7D1FB49049702BF6338894757E0D959	-1	-1	-1	-1	-1	-1	-1	-1	-1	-1	-1	-1	-1	B85210C048A57F8A8CF4D6B851F57E56	FF16B20EB4013B93BD59967A2B7B3E9A
0	-1	-1	1598897371	-1	0.0	-1	D7D1FB49049702BF6338894757E0D959	-1	-1	-1	-1	-1	-1	-1	-1	-1	-1	57A1D462A03BD076E029CF9310C11FC5	69351A093B215111E9E377373FDBF350	-1	E3DDEB04F8AFF944B11943BB57D2F620	211B2FBADF80915A2D6085192E6A6104
0	-1	-1	1598924420	-1	0.0	-1	FF2C446555E3822B0E0FC3406116E86D	-1	-1	-1	-1	-1	-1	-1	-1	-1	-1	-1	-1	-1	0225D81C97298F6FD63C8868EE8E2228	F4FD0CCA8E21067790B869C1F67F3274
1	38.400000000000006	60529	1598914046	-1	10.74	-1	D7D1FB49049702BF6338894757E0D959	-1	-1	-1	-1	-1	-1	-1	-1	-1	-1	57A1D462A03BD076E029CF9310C11FC5	5CA21A95401BDEEB84C86C0470ADB770	-1	E3DDEB04F8AFF944B11943BB57D2F620	2324579BDAC61ED6E3BBBB799516AA6A
0	-1	-1	1598930658	266	0.0	921B36149E5B081FD24450BFE2CE4430	7E56C27BFF0305E788DA55A029EC4988	-1	A5D15FC386510762EC0DDFF54ABE6F94	9C60E4AC0F639215762FC1E94FCE6B5B	E02400CDAD96905D88E932FE9B7D3552	4295BE0EC68D12EDB7D771310069C493	6E306FFF3406CEE66D2554A4ABF7C54F	-1	-1	-1	-1	D963E3BCE149E71F5D5E3000DCF68A9F	B91B4D60C44225030E984B5A5BCF9841	D626913CB4E9D3FB10F193BDF14329A6 4F25B8C5814E1806A3EECA0AF782D5AD EF74E69847F00BC9C428B42BD4C1E648 7E150256B1FA9257C7FDFB5A7E1295DD 3DDBA77A4882B010617DA13F110477CF	F122B91F6D102E4630817566839A4F1F	D7FB3BA178BCDC82C796160998E5B01E
0	-1	-1	1598896240	-1	0.0	-1	D7D1FB49049702BF6338894757E0D959	-1	-1	-1	-1	-1	-1	-1	-1	-1	-1	57A1D462A03BD076E029CF9310C11FC5	F038EDD2534CA958F4064677C269EC82	-1	E3DDEB04F8AFF944B11943BB57D2F620	0CF6520F31B9A690F24A9BF2A5C1280C
0	-1	-1	1598886173	31	0.0	4C90FD52FC53D2C1C205844CB69575AB	D7D1FB49049702BF6338894757E0D959	-1	A5D15FC386510762EC0DDFF54ABE6F94	380BF84A84B4EAF676BD1932160E87A0	B4B45C6CE5FC4DE45AB02974D8849DBD	A78952B21B4165ADA2189AE66887E2F1	01A8B85E3E6B666AA74B074F03C0E08C	430DF0484F585C53A63DBD8479834B04	-1	-1	-1	57A1D462A03BD076E029CF9310C11FC5	AE163443C3F6C9B23AD6C1CE017AF75E	E1FE7556D8C96BF998BED54462B63C23 1A97CE152624D5B526BFB94C274ED4D9	919377389312B4EE6C56FD94A6997C16	49C2ECA42EE615C489D9B7F3E9920A14
0	-1	-1	1598922740	21	0.0	-1	D7D1FB49049702BF6338894757E0D959	ED37757B4EBDAC15881F1E9B29A35096	-1	-1	7532B3FBAFEC164460C4ED6FEB0C022C	A064B48EA8588E500FE1523D1A696260	25D2C8FB1DA582A5BD5B606207656CBF	-1	-1	-1	-1	57A1D462A03BD076E029CF9310C11FC5	2ABC66E6D4F70C31F8F672AE3610DDB3	276AFAC8AA29235D92D108622B9254E4 50CA459982A0377EAB54289B42F24ED7	E3DDEB04F8AFF944B11943BB57D2F620	8535CFF74DCFB6B0F947E9E294CEA9B5
0	-1	-1	1598924746	15	0.0	88460293E9517D21E39AA889BD5AADC8	FF2C446555E3822B0E0FC3406116E86D	-1	A5D15FC386510762EC0DDFF54ABE6F94	D2C4E2A07744651FE80556DF86A1EA05	5D656311CF9F47E34248BE9FBFF194A0	7043E7DDADAFBEF842839D1A0F34C1A8	5097EA79B3ACFEA6C7329BF3D559F8C3	1C0FBC7EB741D497E3BB0361B4DCA4FC	-1	-1	-1	57A1D462A03BD076E029CF9310C11FC5	2797F0F23C235116C30203F1721D005D	FD57AC69940CD8B2E09FE8363BA21AF1 AD1735803D72F8E788BAAE282208FC53	6E2A0A83CA3B44030C176D1439120336	8DBCA932FBCC4C58203B46E7BD2FB41A
0	-1	-1	1598913098	4	0.0	88460293E9517D21E39AA889BD5AADC8	D7D1FB49049702BF6338894757E0D959	-1	-1	24D4F8D30C3029FD1D24B305FDC06DBE	62D6A49514020FA0B2E434DB0B506005	50FF54E71F635597F839D2428054DC0C	E024AD4AAD0BFC3DBC319351B1DA0A0A	9DC12A933AA52AD41024118F78FBB8A7	-1	-1	-1	D963E3BCE149E71F5D5E3000DCF68A9F	A098C89340274DEFF8A6D86CC4BF7B94	44E2EA3C9541608DD75CDCA8E7EF5C1F 24D4F8D30C3029FD1D24B305FDC06DBE 58D186DD5DFDC8A049EEC07CCA617FC6 9DD521FF67F7C40383EAB32017F6FDE4	0403781144C992FB9EA92E0A1C58D25F	F47496A4D3B3E263626331E4863F78ED
0	-1	-1	1598931466	0	0.0	0CD76C7030D0900BE250C8D41703D180	7E56C27BFF0305E788DA55A029EC4988	-1	A5D15FC386510762EC0DDFF54ABE6F94	C488AF48947B585878414E87E660BA6A	EC997D43AC86A75D9B88A1051F86A67C	1CA629F8F10B2541E08A1A994CDA0F1D	F791095E78AAC9F6A0C9D4948E6AA729	E970B6E90DCE5E7769360E6BD6532433	8900F784FA336D40BA78790A9D7B387E	-1	-1	D963E3BCE149E71F5D5E3000DCF68A9F	BD03D37DD08E38253663D4A92E316832	C488AF48947B585878414E87E660BA6A A9E6AF035B36BBA108DC4D7FCC780F20 A8DE3C5AEC68CD05E766D08A639F7663 3CDFE592ED9EDDDCF3B5311CA3CE4B55 878E6F6CC0299791B5B2F1D7B96CB36D	743B1EE3A39E06D855A72B3B66D501D0	E4DF9936478C7EEA644228C5E473BBFD
0	-1	-1	1598919895	1	0.0	88460293E9517D21E39AA889BD5AADC8	D7D1FB49049702BF6338894757E0D959	-1	-1	810A6AA3DD7EC48167AAE0E901E45E16	62D6A49514020FA0B2E434DB0B506005	41DF6386116137A19E7DBC07CE44C95A	D0A0767AF9AB44AC888E80FC65EED9AB	-1	-1	-1	-1	D963E3BCE149E71F5D5E3000DCF68A9F	83E3AA056F392813B8D3BDA0AECCA2FF	44E2EA3C9541608DD75CDCA8E7EF5C1F 810A6AA3DD7EC48167AAE0E901E45E16 9DF530F00923B62C07F930ECD86D9165 698FA87555CD17731B4CEA46D83E2ECE 0309D0385024A8002A41F0848B434EA3 77CF828AA558E9D807477B0D84FD4DA4 878E6F6CC0299791B5B2F1D7B96CB36D	0403781144C992FB9EA92E0A1C58D25F	2DA56F128EF4B6626512F83E8333068F
0	-1	-1	1598893274	156	0.0	4C90FD52FC53D2C1C205844CB69575AB	D7D1FB49049702BF6338894757E0D959	-1	A5D15FC386510762EC0DDFF54ABE6F94	194439932E6CA6515592E84DBDB6BA8F	7F286560861764CCB93C90B7AA833949	1FD27C6B29DE4DF9ACB273A00EBDEEDA	41238B10F7FA526A4DAF602B2210C580	AC6CAB011080B5A5CE934B917C95515A	5A490F8F8C2DFDCFE0C7EEB5D4AA69A4	-1	-1	D963E3BCE149E71F5D5E3000DCF68A9F	88D5E5AC37CD96345DBFE8A62C0225F2	9ED02E34FEC1A5F559A67E6E241465AB	A7DF9034743FD9A783EAEBF8F5C6AD8A	15ACB594E048DE89E5E11260255B4257
0	-1	-1	1598916517	-1	0.0	-1	7E56C27BFF0305E788DA55A029EC4988	-1	-1	-1	-1	-1	-1	-1	-1	-1	-1	57A1D462A03BD076E029CF9310C11FC5	457B4F1233C010AFBBCE0B0B900DD043	-1	E3DDEB04F8AFF944B11943BB57D2F620	8EBD9D11199D52CCDABDAEA8FC5E1395
0	-1	-1	1598909250	-1	0.0	-1	FF2C446555E3822B0E0FC3406116E86D	-1	-1	-1	-1	-1	-1	-1	-1	-1	-1	-1	-1	-1	0225D81C97298F6FD63C8868EE8E2228	CBEBF913BA840000B5D2F9F654A65366
0	-1	-1	1598886517	233	0.0	-1	FF2C446555E3822B0E0FC3406116E86D	-1	-1	-1	62D6A49514020FA0B2E434DB0B506005	50FF54E71F635597F839D2428054DC0C	E024AD4AAD0BFC3DBC319351B1DA0A0A	9DC12A933AA52AD41024118F78FBB8A7	-1	-1	-1	57A1D462A03BD076E029CF9310C11FC5	790D7A77BFD4C61F00B1B39F55BA86A7	842A8948FA33D97F613FB731A145FA7C 173DCEF07A9F25BEA0EEF7DB14A027AD	E3DDEB04F8AFF944B11943BB57D2F620	08A0106C333B9969CF9B3E403FCC5F5E
0	-1	-1	1598902919	1	0.0	4C90FD52FC53D2C1C205844CB69575AB	7E56C27BFF0305E788DA55A029EC4988	-1	1B491180398E2F0390E6A588B3BCE291	3C583E0C515719DE5DB989D267B760EF	033E492229C2222EFAA16EE8A6462D8B	77FFC91A6157E50A0A114135F18BB1DB	2E4ED2B95CEF7FD11B282CDFDD56CEA0	-1	-1	-1	-1	D963E3BCE149E71F5D5E3000DCF68A9F	04F20E062FA5E8EECFA94AB540C84892	D7B42B0C4D807EF1C13F79948743E9DA 7D3E034AFE990533013C77A7F4DF9B67 1BA48A5340A4B12CDD95D52D8C74AB24 8C3170D89E006E348F8FEEACED10AE45 878E6F6CC0299791B5B2F1D7B96CB36D	9D9E93D1D461D7BAE47FB67EC0E01B62	4869FA6B4200BD03AC3AB5A92673859D
0	-1	-1	1598926274	-1	0.0	-1	D7D1FB49049702BF6338894757E0D959	-1	-1	-1	-1	-1	-1	-1	-1	-1	-1	57A1D462A03BD076E029CF9310C11FC5	8EB6C105157E22505C6CD4838B17AD1F	-1	E3DDEB04F8AFF944B11943BB57D2F620	E18BEF5F74C632D91C4C17C85CFD3DBF
0	-1	-1	1598903911	0	0.0	-1	D7D1FB49049702BF6338894757E0D959	70E81C68B17A2A33B1214CC05C10914A	-1	-1	635623BABBB7DA2E072D8C339F606E15	80DF9DD23FCDB4F869BD699276D0A677	DAF69408FCE4A67A12BC41F52920B08F	D4C66A3D96687AEBD9D144BF4FAD980A	-1	-1	-1	57A1D462A03BD076E029CF9310C11FC5	E57D497593ACCB09F6D8E26F7222CE4B	C1140F6F61F51379907D4DD2B2DE341C BF7A5FDB82116F1C942122E13D827BFB C9AF8D8CC1766C054A476A3286EABC2E 10FBCA9E3FD0590B97F844B984B9967B 4EE9567A1859227F3F1627A3A1B41E2B	E3DDEB04F8AFF944B11943BB57D2F620	0C842AC69F18128227FB37E20B6C2983
1	26.38	557307	1598859587	-1	13.19	-1	7E56C27BFF0305E788DA55A029EC4988	-1	-1	-1	-1	-1	-1	-1	-1	-1	-1	57A1D462A03BD076E029CF9310C11FC5	D362EA2039B5429CC545CB390E278270	-1	E3DDEB04F8AFF944B11943BB57D2F620	1967F0A0EF8409D375C095E63B2AF8A4
0	-1	-1	1598924709	-1	0.0	-1	D7D1FB49049702BF6338894757E0D959	-1	-1	-1	-1	-1	-1	-1	-1	-1	-1	57A1D462A03BD076E029CF9310C11FC5	8B9742BA6118202D09923D3E060ED25B	-1	E3DDEB04F8AFF944B11943BB57D2F620	81E93B8757FFFFB76781B7A8141826F4
0	-1	-1	1598918392	47	0.0	-1	FF2C446555E3822B0E0FC3406116E86D	-1	-1	-1	7532B3FBAFEC164460C4ED6FEB0C022C	02CDA720E0746F6255FC93A842C8990D	FB37E0FCC4CFB9F58C7B7B97B8839FA5	-1	-1	-1	-1	57A1D462A03BD076E029CF9310C11FC5	02F7BB496F00997018580D7792CA4F7E	964D6AF5D3F795264D05580395100D29 2972A27430D6B0862D0F0408CAAC6F48 933DB5D99F8D53323041CF390CF9EDCE CDC370806A08C2F30833EF301D9677EA ED64D624021FE5B1C93C63D2F1383EFB	E3DDEB04F8AFF944B11943BB57D2F620	6CD7947582E6BA3E526705C9198977E5
0	-1	-1	1598914554	0	0.0	4C90FD52FC53D2C1C205844CB69575AB	7E56C27BFF0305E788DA55A029EC4988	-1	1B491180398E2F0390E6A588B3BCE291	1FBC7C983F50A0CBEF51FEF6F85D2482	033E492229C2222EFAA16EE8A6462D8B	CD599E5A946D00A81A875E085F7EF1E8	-1	-1	-1	-1	-1	D963E3BCE149E71F5D5E3000DCF68A9F	2180A62CE14D3DA97A5FAA8410EB6F0D	04D77C5BF7BE91A20A3BA116AA4956B7 44317154EE7D05CE17A3E99470645CEE BF6EF7EE17AED02AF298649A4A3CD9D5 D7B42B0C4D807EF1C13F79948743E9DA 2EC1DEB85193BEF729401B4FB226AA8F	66643A46398D28F68F00DF71DEAA71D3	14E5E5A12CCC7ED3BF88338F4E14333F
0	-1	-1	1598933050	-1	0.0	-1	7E56C27BFF0305E788DA55A029EC4988	-1	-1	-1	-1	-1	-1	-1	-1	-1	-1	57A1D462A03BD076E029CF9310C11FC5	7C43113EA4334BFA7963F1F75B4F508F	-1	E3DDEB04F8AFF944B11943BB57D2F620	1FA32E6E619CD4A56694756A53098C93
0	-1	-1	1598926105	516	0.0	-1	D7D1FB49049702BF6338894757E0D959	ACEBB1033A0E853C11470868111DCD10	-1	-1	7F286560861764CCB93C90B7AA833949	939A40D09BD05A13C32B381245670495	87E33E0563FFE783FB56D01E7E09E692	A94FB966C37B89816C6522AAE926F54B	-1	-1	-1	57A1D462A03BD076E029CF9310C11FC5	85B4B8A1FB46ECD73C0BFB485188357A	6E2C863B234ACCFBEE35DC56035F31BA AF3268FCBB70FE6F4439C8812228877B 7D3801F6AD34D683500852667D37A6B8 13785509A1B9BF6815B9AC3A6C6C5A86 71E761835087317025EC485030B81B30	E3DDEB04F8AFF944B11943BB57D2F620	6B0229A1ED36BB3FFCEF04C2F23DC189
1	27.34046	839548	1598922333	-1	24.99	-1	FF2C446555E3822B0E0FC3406116E86D	-1	-1	-1	-1	-1	-1	-1	-1	-1	-1	-1	-1	-1	80B621829A146066458564677C584294	A3D591F19DADAB0D11E75E056059B89B
1	46.269999999999996	3538	1598911380	-1	39.43	-1	D7D1FB49049702BF6338894757E0D959	-1	-1	-1	-1	-1	-1	-1	-1	-1	-1	57A1D462A03BD076E029CF9310C11FC5	E09935C131B17B9A7324CC7116183F63	-1	E3DDEB04F8AFF944B11943BB57D2F620	1456A8090909E75AD8E170CE27520A47
1	35.82	1745531	1598899663	6	13.33	-1	D7D1FB49049702BF6338894757E0D959	A4DF0A9DAF1933395D652D554E0CBE53	-1	-1	62D6A49514020FA0B2E434DB0B506005	C1E60A42840668783CE8F9C783D33BD5	23A7648158CF67FAF4658B4C7771CB46	C3A5D105A12125C59E47B0ADFDC6F34C	-1	-1	-1	57A1D462A03BD076E029CF9310C11FC5	A89ED206E50DA93316E6BACD06839679	77BC84B04E574F685D13DD4E33BE6AC9 FB20F14D7AB96BCC7C974A19D8A2C34F 7C6CBFB93C7E1C217476A2FCF60D332C	E3DDEB04F8AFF944B11943BB57D2F620	A7E02A422A79A12712442539D3BBCA76
0	-1	-1	1598929625	-1	0.0	-1	7E56C27BFF0305E788DA55A029EC4988	-1	-1	-1	-1	-1	-1	-1	-1	-1	-1	57A1D462A03BD076E029CF9310C11FC5	AF52CD3CDACF5E0C2306698902590FE2	-1	E3DDEB04F8AFF944B11943BB57D2F620	4237673E450F6DA72DBC369BBB5823D4
0	-1	-1	1598898605	-1	0.0	-1	D7D1FB49049702BF6338894757E0D959	-1	-1	-1	-1	-1	-1	-1	-1	-1	-1	57A1D462A03BD076E029CF9310C11FC5	6B153FE76E1A67022E454BA024FFFDBD	-1	7E3E579C9B4BDF1503E6F10F484334A6	4CA3913E8BEE58878A5E23D912500653
0	-1	-1	1598889638	10	0.0	-1	D7D1FB49049702BF6338894757E0D959	-1	-1	E46E323DEA107EC01AC668EB6192D84C	88CED8BA3AA711A20ACF8B1FC574F218	A666065FA8B25F44A04AFF2C04CF3491	02556650A06833121D207D46D5237BB1	-1	-1	-1	-1	57A1D462A03BD076E029CF9310C11FC5	DA24617C687D1F26D3125739B2C775CA	14CE82DC6E587F1C4143153000FBBD8F 0BB6646B23A01BDE65A6D7F285384097 FBBC1B895D8C9F107A4E2957A84DB9BD 1CAAECC06DAA3782646297EDCD81A6FD 21B59A3B43B0B0EA6539AE4F1DC437AA E46E323DEA107EC01AC668EB6192D84C	17B7ED5C6FE3EF8EC27330318AE867B9	2CFEE234B4977998BB96A8CFF23E1659
0	-1	-1	1598930462	618	0.0	-1	7E56C27BFF0305E788DA55A029EC4988	70E81C68B17A2A33B1214CC05C10914A	-1	-1	7F286560861764CCB93C90B7AA833949	939A40D09BD05A13C32B381245670495	87E33E0563FFE783FB56D01E7E09E692	D90C28862BF948786AC6B84259C0DA2C	-1	-1	-1	57A1D462A03BD076E029CF9310C11FC5	4534DFD68036785109E16B662B5996B7	FC65AABB9D423B26C983A079A300D9D9 2972A27430D6B0862D0F0408CAAC6F48 A7B96019624FD5553FF8E65EBD3EDC6C ED64D624021FE5B1C93C63D2F1383EFB	E3DDEB04F8AFF944B11943BB57D2F620	4BA15AD964E75A1E35667339F3CB805F
0	-1	-1	1598907384	-1	0.0	-1	FF2C446555E3822B0E0FC3406116E86D	-1	-1	-1	-1	-1	-1	-1	-1	-1	-1	57A1D462A03BD076E029CF9310C11FC5	CB011CF986FBC515EFB0A7F27E3DD7E9	-1	E3DDEB04F8AFF944B11943BB57D2F620	3F3743C62BB4ADDA1786E6C53C2837F9
1	26.58	270975	1598894645	-1	26.58	-1	D7D1FB49049702BF6338894757E0D959	-1	-1	-1	-1	-1	-1	-1	-1	-1	-1	57A1D462A03BD076E029CF9310C11FC5	53F687796FEF9CCCA00447D6F1289E97	-1	E3DDEB04F8AFF944B11943BB57D2F620	99E10E36264F06625264CE463934B59B
0	-1	-1	1598929350	2	0.0	4C90FD52FC53D2C1C205844CB69575AB	FF2C446555E3822B0E0FC3406116E86D	DC77647E1B3127F5C2B7DE7A84E581D5	A5D15FC386510762EC0DDFF54ABE6F94	4F254033375F553EC8217D5A992EACCB	7F286560861764CCB93C90B7AA833949	BB4A179E615AD18488A859BC09B06D60	3EEA50226DA572FBE94848636B17CF14	5CA7B5B70A84949959028957AE8EA6A3	-1	-1	-1	D963E3BCE149E71F5D5E3000DCF68A9F	318C6160884A1C09F45E9936EAAD71F9	4F254033375F553EC8217D5A992EACCB 6C5CE72388F5F1E9914C1DC16B4BDF62 D4D27114B926B8D2F9EEA9D00AEFD50C	A7DF9034743FD9A783EAEBF8F5C6AD8A	026DEAC09B0F041B93A932E99BC53A84
0	-1	-1	1598887107	18	0.0	-1	D7D1FB49049702BF6338894757E0D959	-1	-1	52C395F2286B2F794259FBDACE2B453B	7F286560861764CCB93C90B7AA833949	BB4A179E615AD18488A859BC09B06D60	676775E33209B1E1AC0DF2CEE74C203B	006264F4A2BED779EB276808F32B7566	-1	-1	-1	57A1D462A03BD076E029CF9310C11FC5	8D0FCF9439FA61CD615689117092CF73	1CFC038F8876BE6DA29C911B30C9605E 5CD82F03D0B86A58E77386673BD2CF95	74E539C166872DCB06D75E32D558ABA9	CEEAF6E7A2BD3F9D8D8346CE397A22AE
0	-1	-1	1598944749	-1	0.0	-1	7E56C27BFF0305E788DA55A029EC4988	-1	-1	-1	-1	-1	-1	-1	-1	-1	-1	57A1D462A03BD076E029CF9310C11FC5	453997C23BF0B099E51AD99309AFFD4F	-1	E3DDEB04F8AFF944B11943BB57D2F620	0FBF3ACEB6F216B4B66B44BEE1EB219D
0	-1	-1	1598929997	-1	0.0	-1	D7D1FB49049702BF6338894757E0D959	-1	-1	-1	-1	-1	-1	-1	-1	-1	-1	-1	-1	-1	08FA5A96EE7FB09BD4718ADFE9AD6031	6E6033B268E15C390DC86A9EC66E79B5
0	-1	-1	1598943647	186	0.0	-1	D7D1FB49049702BF6338894757E0D959	ACEBB1033A0E853C11470868111DCD10	-1	-1	635623BABBB7DA2E072D8C339F606E15	80DF9DD23FCDB4F869BD699276D0A677	C38F66E32790514C9A7EE57BBFB431CA	7B70724D387B714609F45A4A46D9B8B4	-1	-1	-1	57A1D462A03BD076E029CF9310C11FC5	454ACE0D3026C4AB6A3D46EC5B2347F6	F51C0A45F86B67D756B2D2E530ECA41C 4ECEC101B13741B3BF289E1932508E8B	E3DDEB04F8AFF944B11943BB57D2F620	2DE86D41CEEB6AFBC81502F8340C82D5
0	-1	-1	1598895020	-1	0.0	-1	D7D1FB49049702BF6338894757E0D959	-1	-1	-1	-1	-1	-1	-1	-1	-1	-1	-1	-1	-1	A3B6CDB413E8C3A945248C364022DCB7	D91B7D794456B048F830AA596470325D
0	-1	-1	1598923983	-1	0.0	-1	7E56C27BFF0305E788DA55A029EC4988	-1	-1	-1	-1	-1	-1	-1	-1	-1	-1	57A1D462A03BD076E029CF9310C11FC5	9D7B939EC097C110F806BCF65602E3EB	-1	E3DDEB04F8AFF944B11943BB57D2F620	683574FD90DE2764FB3670BBD0F59BB1
0	-1	-1	1598861215	69	0.0	-1	D7D1FB49049702BF6338894757E0D959	-1	-1	24D4F8D30C3029FD1D24B305FDC06DBE	62D6A49514020FA0B2E434DB0B506005	50FF54E71F635597F839D2428054DC0C	E024AD4AAD0BFC3DBC319351B1DA0A0A	9DC12A933AA52AD41024118F78FBB8A7	-1	-1	-1	B1D897877EBD2BCE4A722DF0581CDAF5	618BF490A92AC7C99A103C9B6A081D2C	24D4F8D30C3029FD1D24B305FDC06DBE 58D186DD5DFDC8A049EEC07CCA617FC6 81D70A72D3411F33A27DAD929E9943CC	880186793ABB8DCE860F79D15BE0BBEF	77457F678D4AE660FBBBF77778C2C9EB
0	-1	-1	1598897628	-1	0.0	-1	D7D1FB49049702BF6338894757E0D959	-1	-1	-1	-1	-1	-1	-1	-1	-1	-1	57A1D462A03BD076E029CF9310C11FC5	CC20316320BE5CD4B6538BB50416B96E	-1	E3DDEB04F8AFF944B11943BB57D2F620	DA56A5849741478E6B9580C11455417A
0	-1	-1	1598917891	0	0.0	4C90FD52FC53D2C1C205844CB69575AB	7E56C27BFF0305E788DA55A029EC4988	-1	1B491180398E2F0390E6A588B3BCE291	698F2579AC7447257CCED891BCA196EB	033E492229C2222EFAA16EE8A6462D8B	CD599E5A946D00A81A875E085F7EF1E8	-1	-1	-1	-1	-1	D963E3BCE149E71F5D5E3000DCF68A9F	54C7F9F2F3BC63D6F0403760E504834D	698F2579AC7447257CCED891BCA196EB D7B42B0C4D807EF1C13F79948743E9DA 3089934D1C8C61B49E095FD6544621F0 322BCA28401CAB067CBDDA4BBBE1949E 1A68E1385D627A7D1B3AC27B9DFDD215 54586C3DCDEEA53DCDDD1A01A7838C2B 268EA94D9D554220CBD6263012636698	9D9E93D1D461D7BAE47FB67EC0E01B62	5F0C586B2555DAFB8ED403D338BFB426
0	-1	-1	1598908581	-1	0.0	-1	FF2C446555E3822B0E0FC3406116E86D	-1	-1	-1	-1	-1	-1	-1	-1	-1	-1	-1	-1	-1	A3B6CDB413E8C3A945248C364022DCB7	A9F380778CE8B8AF6CFFE398696C3CFB
0	-1	-1	1598932525	-1	0.0	-1	D7D1FB49049702BF6338894757E0D959	-1	-1	-1	-1	-1	-1	-1	-1	-1	-1	57A1D462A03BD076E029CF9310C11FC5	15171DD238DC0FFD062D764EB826D326	-1	E3DDEB04F8AFF944B11943BB57D2F620	D57DD95FF4CB92F4877E5B331EF6EB09
0	-1	-1	1598930098	52	0.0	-1	D7D1FB49049702BF6338894757E0D959	2F89384F5373F64EA809EEC44387F05E	-1	-1	62D6A49514020FA0B2E434DB0B506005	A637561B7350EC861485EE1D11F14096	001C46044869C44A4784359A4A2192EB	6F7C4B2ADB35B2DB075C97F294FE20E7	-1	-1	-1	57A1D462A03BD076E029CF9310C11FC5	0FE1EFAC1388BEA1AC56E825C56F9E33	A64100D9B66AA0026DA1394D4BF5B802 2B3634E25FD32370887730995FB93AFF	E3DDEB04F8AFF944B11943BB57D2F620	901ED4BC727F36BDE8D6FACD7242B090
0	-1	-1	1598902608	100	0.0	-1	7E56C27BFF0305E788DA55A029EC4988	2F0F9415F834C5E483CAF9EECD0728A9	-1	-1	7532B3FBAFEC164460C4ED6FEB0C022C	B15A5C8051F1C358F3F4A61F5ED569B4	-1	-1	-1	-1	-1	57A1D462A03BD076E029CF9310C11FC5	AD6B5155474AD936B35A63B936E8F831	A070A3B100D8619F073B00920990BD13 FE88B500066845A2D02700429C58D5C3 098BE294FE1CCDAAF8763B36F449A568 2E720183E8CC8B520A7A91BA08E6E973 E5C8EAC4D6614E0775DB304B1DB6759F 510C234D4BB332D9AA833FF75F2B00B5 46193F6CE81F90B4114269E901F4E6C5 A5D3F91C2AAA3B1EDD44D98707AD66FA 516CBCB69CACEF8793B8A31B7A529E30	E3DDEB04F8AFF944B11943BB57D2F620	3DF618B13D9466A17E587B4E6B658D67
0	-1	-1	1598896216	-1	0.0	-1	D7D1FB49049702BF6338894757E0D959	-1	-1	-1	-1	-1	-1	-1	-1	-1	-1	57A1D462A03BD076E029CF9310C11FC5	3B59C3DE00BF0C8CF4A61E435BEC0676	-1	E3DDEB04F8AFF944B11943BB57D2F620	6BDF1BE8418D7CD7DB3B2CB1DA355365
0	-1	-1	1598886036	-1	0.0	-1	D7D1FB49049702BF6338894757E0D959	-1	-1	-1	-1	-1	-1	-1	-1	-1	-1	57A1D462A03BD076E029CF9310C11FC5	DC6E82933576946CAE9B0C99AE8AF25E	-1	E3DDEB04F8AFF944B11943BB57D2F620	BB2BB078329F8A4EC3E89CEE113E6C6A
0	-1	-1	1598915494	5	0.0	-1	D7D1FB49049702BF6338894757E0D959	-1	-1	79B3930985290E0BD83527E34D5AEE68	62D6A49514020FA0B2E434DB0B506005	FB9484497C58FBB55B560FC0E5084505	474B2A3FB91CBBA4D23A10EEC208F0CA	BC593C15B8B8DB9A2E11D77E40D5BDF0	-1	-1	-1	B1D897877EBD2BCE4A722DF0581CDAF5	80D86133B10999261268C4DC017990B2	3EED5E3240C0B1EB260659DC737BFC51 316DCB6D83AB956D93DC444B8FC5FB56	880186793ABB8DCE860F79D15BE0BBEF	3D29F262E614DFDCD617003B9311E8BB
1	48.51	74586	1598908204	-1	7.03	-1	7E56C27BFF0305E788DA55A029EC4988	-1	-1	-1	-1	-1	-1	-1	-1	-1	-1	57A1D462A03BD076E029CF9310C11FC5	5355865ABC889820C264BAEE21BF04E2	-1	E3DDEB04F8AFF944B11943BB57D2F620	D06A053F2FA58672D7CA4F2E868FEA86
0	-1	-1	1598931502	0	0.0	4C90FD52FC53D2C1C205844CB69575AB	7E56C27BFF0305E788DA55A029EC4988	-1	1B491180398E2F0390E6A588B3BCE291	5C3192BE83E1D7966D634270C70D1861	9D307E5B713DE5E90D787BE9F802AFBB	9868E1576979CBF21E2B80E1623F67B9	-1	-1	-1	-1	-1	D963E3BCE149E71F5D5E3000DCF68A9F	DD25FDE18EB009F64514704FE144EFA4	5C3192BE83E1D7966D634270C70D1861 D7B42B0C4D807EF1C13F79948743E9DA 43D9DD29B4B255E28A131AD26811D5A9 2307FDCAD481510925EAD26901B53A49 878E6F6CC0299791B5B2F1D7B96CB36D	9D9E93D1D461D7BAE47FB67EC0E01B62	C6C61A459741D2FECE5AD5DBB80EBE7C
0	-1	-1	1598897387	-1	0.0	-1	D7D1FB49049702BF6338894757E0D959	FE052A468672B29232297E4E6E8D88C3	-1	-1	-1	-1	-1	-1	-1	-1	-1	57A1D462A03BD076E029CF9310C11FC5	D5B6432FB83412E4812E121D9B2FF759	-1	E3DDEB04F8AFF944B11943BB57D2F620	057FA4F85357CCC9EFADC74949D6BB16
0	-1	-1	1598901252	86	0.0	-1	D7D1FB49049702BF6338894757E0D959	-1	-1	-1	62D6A49514020FA0B2E434DB0B506005	C1E60A42840668783CE8F9C783D33BD5	AC674A0B8D2DDB049A6F98F45DD3CF64	5606F8C5D6A49C44E04EBCDC89822D2B	29E5527D487C95756CF2FF21F71CC6FB	-1	-1	57A1D462A03BD076E029CF9310C11FC5	D86AAD7D507F0F5175762311B7497595	09201C4FD8B656EE4C0C55BC436B6663 B2F6DDD15B22E5F3F44ABE21EF02F1A4	E3DDEB04F8AFF944B11943BB57D2F620	91672FA462741B645B55EC41ADC51C83
0	-1	-1	1598897100	27	0.0	-1	7E56C27BFF0305E788DA55A029EC4988	-1	-1	-1	62D6A49514020FA0B2E434DB0B506005	8C0191D426F4A3944D1E8BC2E012646D	60C468D7CF53AA8D9489A39CC12488E5	-1	-1	-1	-1	57A1D462A03BD076E029CF9310C11FC5	D72E31C2DA11D99B999332A491F8C0FB	DEE01C70ED04F15A2878E0C185CF14C1 DD1034A52880F578FAEAB153B027DB04 0B948A43676225545900DC51F4106403 41847EA748DD51C81C64F88DBF0FAAB2 2FE9E8891B47F46D3B31E297361A3859 0245032CF13A5DEEC1602E85B01412A4	E3DDEB04F8AFF944B11943BB57D2F620	4C08D423CB8220BDA7AED08CBC29DF41
1	56.39	515015	1598930178	-1	41.41	-1	7E56C27BFF0305E788DA55A029EC4988	-1	-1	-1	-1	-1	-1	-1	-1	-1	-1	57A1D462A03BD076E029CF9310C11FC5	73EFC2F721A78EE034B3ADECAEB2EB71	-1	E3DDEB04F8AFF944B11943BB57D2F620	BE3DAFE38AD9C18672A4126222271E57
0	-1	-1	1598926866	238	0.0	921B36149E5B081FD24450BFE2CE4430	7E56C27BFF0305E788DA55A029EC4988	-1	A5D15FC386510762EC0DDFF54ABE6F94	8B698195738EFBA10DB86CEC7642E72B	E02400CDAD96905D88E932FE9B7D3552	7A15B4DA987D29E259AFCB82481D6E57	A15F4A742DE82922F780D33282504E17	-1	-1	-1	-1	D963E3BCE149E71F5D5E3000DCF68A9F	C5149CC6BAED9243D7ED4614DFA8FDFE	8B698195738EFBA10DB86CEC7642E72B F3310AC1155B8353A30D67AAFFBE5A8D B8EAD8A69E2E46B1919AC827FDF17012 F25CD04F4C60A5995A254804C3FCFF86	F122B91F6D102E4630817566839A4F1F	BD82984B4AFC94E609E192DEF35852D8
0	-1	-1	1598917219	-1	0.0	-1	D7D1FB49049702BF6338894757E0D959	18308B5D3E2435A2D8F15B91512F133E	-1	-1	-1	-1	-1	-1	-1	-1	-1	-1	-1	-1	B926E8E57093C0E2867B170A37D45682	BB32C84BBD90BFBBE2FB0BC6A45823F9
0	-1	-1	1598930877	142	0.0	4C90FD52FC53D2C1C205844CB69575AB	7E56C27BFF0305E788DA55A029EC4988	-1	A5D15FC386510762EC0DDFF54ABE6F94	16DC08297D469D4E52076F9DAD24540F	7F286560861764CCB93C90B7AA833949	1FD27C6B29DE4DF9ACB273A00EBDEEDA	50104B082EEF8E4B64FCCF8357C049E2	196342C74719716AC62B9FBA91226D2B	-1	-1	-1	D963E3BCE149E71F5D5E3000DCF68A9F	3F9594F39E1C7CEED3ADC63CC87FB609	16DC08297D469D4E52076F9DAD24540F 6E877A1FA94C800AD53E7ABA35366B48	A7DF9034743FD9A783EAEBF8F5C6AD8A	4AD35D52B7028B9477079760A0501E47
0	-1	-1	1598900594	-1	0.0	-1	7E56C27BFF0305E788DA55A029EC4988	-1	-1	-1	-1	-1	-1	-1	-1	-1	-1	57A1D462A03BD076E029CF9310C11FC5	4C80DB331F0D401EC69DA0CE3C84D873	-1	E3DDEB04F8AFF944B11943BB57D2F620	41F70B558926ABEEDAECB1673544D0AA
0	-1	-1	1598906234	0	0.0	88460293E9517D21E39AA889BD5AADC8	D7D1FB49049702BF6338894757E0D959	-1	-1	-1	62D6A49514020FA0B2E434DB0B506005	C1E60A42840668783CE8F9C783D33BD5	AC674A0B8D2DDB049A6F98F45DD3CF64	D490BA2B409F8CDCA99C16B868086C9B	8402831E1FB63176A15A66EDB604D776	-1	-1	D963E3BCE149E71F5D5E3000DCF68A9F	E643E5DC0ACFA8A83DF1D61BAB1FEE45	44E2EA3C9541608DD75CDCA8E7EF5C1F 817269C49EF1155342D1B1EC6BDA5F13 B24E0E8E30648864FE0E3EF950D9AD08 5EB276D14D8235CFC4D4E05F96904F94 6F9DECF02D2B6EF87D96B9474DB9570F 6A62176169D1929E7AA63508C3A920DE	0403781144C992FB9EA92E0A1C58D25F	22236B2835E0090031DAEF688FAC83C2
0	-1	-1	1598924706	0	0.0	921B36149E5B081FD24450BFE2CE4430	7E56C27BFF0305E788DA55A029EC4988	E7715E0978F34A08B7E3CA1A2E1182BF	1B491180398E2F0390E6A588B3BCE291	95B3249940CD2BECB6C87D30305229B2	033E492229C2222EFAA16EE8A6462D8B	77FFC91A6157E50A0A114135F18BB1DB	22D787CA7E0C0D6D5A2B62B618C0AE29	3F39FFCCB8144FFC9BF780C7270E680C	-1	-1	-1	D963E3BCE149E71F5D5E3000DCF68A9F	D2060171990884C20C9C40003C295FA2	95B3249940CD2BECB6C87D30305229B2 C9B491383D47C6D3E62BF423E148FA09 E7B730D56DB4605EA44D38A7F0E5C699 FC7462F77EDC7B886D1C621FD9C87FB7	F122B91F6D102E4630817566839A4F1F	D910F7BE448F51EE249FEBE612936F69
0	-1	-1	1598916515	-1	0.0	-1	7E56C27BFF0305E788DA55A029EC4988	-1	-1	-1	-1	-1	-1	-1	-1	-1	-1	57A1D462A03BD076E029CF9310C11FC5	6148F43631D186B94D81A0BAE78E899D	-1	E3DDEB04F8AFF944B11943BB57D2F620	F9E439470A3EA03D7C26861380EE0C00
0	-1	-1	1598922854	6	0.0	4C90FD52FC53D2C1C205844CB69575AB	D7D1FB49049702BF6338894757E0D959	-1	C45A9AC6D102ACAEEDF0D6F78636D84A	F89C405AA676D6348DCFE3E169FB22C7	033E492229C2222EFAA16EE8A6462D8B	CD599E5A946D00A81A875E085F7EF1E8	-1	-1	-1	-1	-1	D963E3BCE149E71F5D5E3000DCF68A9F	5D3EB6B1625B97D515E13E32ED8D4BCE	921456DD80680A25E3A885EADE698B5B 5D6CA2636DDB497E6B7A0EED8298E447 11C55E08CA03A56538C1C724AF15F6B0 6EFABCEDA36A931DBF760F88970BAF0E E7ABBB96C62D4B1F07AEDA6DCE6A8F8C	66643A46398D28F68F00DF71DEAA71D3	F57ECF5F4075DE5C6185A2849018F33F
0	-1	-1	1598872646	-1	0.0	-1	FF2C446555E3822B0E0FC3406116E86D	-1	-1	-1	-1	-1	-1	-1	-1	-1	-1	-1	-1	-1	EF876FE269C30DC8168D37841E01FF82	C08508CF89B5F4245AF227AAECAE600F
0	-1	-1	1598913628	-1	0.0	-1	D7D1FB49049702BF6338894757E0D959	ED37757B4EBDAC15881F1E9B29A35096	-1	-1	-1	-1	-1	-1	-1	-1	-1	57A1D462A03BD076E029CF9310C11FC5	C2A5FED1F00F3E57BA8B81F4033107FC	-1	E3DDEB04F8AFF944B11943BB57D2F620	52E7EFCA1460165A2A99C0F279E559DA
0	-1	-1	1598902365	0	0.0	4C90FD52FC53D2C1C205844CB69575AB	FF2C446555E3822B0E0FC3406116E86D	-1	1B491180398E2F0390E6A588B3BCE291	3C583E0C515719DE5DB989D267B760EF	033E492229C2222EFAA16EE8A6462D8B	77FFC91A6157E50A0A114135F18BB1DB	FAE775DB79B7E40FB3E581B2755783A4	-1	-1	-1	-1	D963E3BCE149E71F5D5E3000DCF68A9F	B7983400BAC4A845145F8F4317DB198F	D7B42B0C4D807EF1C13F79948743E9DA 61EB72A1EC52D270F42AE2694F4E3197 B9391CD328910EDD6DFC09CB86265CA8 C7FBE1010FCBFF4DA7FBA873EAB39E6C 5120AFDB8878F6DF6B2A3E663A22A0BB 878E6F6CC0299791B5B2F1D7B96CB36D	9D9E93D1D461D7BAE47FB67EC0E01B62	95FDCFFC479BB96A505C14183AE79E68
0	-1	-1	1598924346	5	0.0	4C90FD52FC53D2C1C205844CB69575AB	FF2C446555E3822B0E0FC3406116E86D	-1	1B491180398E2F0390E6A588B3BCE291	05F88AFBDD21B32DEF06CAFC314AAF49	033E492229C2222EFAA16EE8A6462D8B	77FFC91A6157E50A0A114135F18BB1DB	2E4ED2B95CEF7FD11B282CDFDD56CEA0	-1	-1	-1	-1	B1D897877EBD2BCE4A722DF0581CDAF5	CDF45E1DDDA3CE4E8ACDCB896B229CF7	6AE36582B79A724234F5661FA6BF2DBB 5BDBD987318370EF6D856D3B90405B0F 32B775A233ED230BA7908F226CE480A6 216CCCBF3716D96B60C911A4B1AE2372	0225D81C97298F6FD63C8868EE8E2228	74B1EBBBCDD7BA28D78B4D987D9D017A
0	-1	-1	1598902693	407	0.0	921B36149E5B081FD24450BFE2CE4430	7E56C27BFF0305E788DA55A029EC4988	8A34C460AB53B5F5BFA17366ED5713A1	A5D15FC386510762EC0DDFF54ABE6F94	3BB2AD395EC35EAC138F542215460325	E02400CDAD96905D88E932FE9B7D3552	791FBB12E44C1CAB7AFFD314326EBD00	57AA811DCC3CC7CAD4332B45FC15C49A	-1	-1	-1	-1	D963E3BCE149E71F5D5E3000DCF68A9F	DBF95088103A3BA612CCBE8E30D4DD04	C6611D6F951DFDB10A7369F842912F7B EE2BC4B713FB9D678F91954F1133E223 BBEB83D3FD58DA0B0B6890CD3B0D2869	F122B91F6D102E4630817566839A4F1F	49440EA4DCBD6A4CBD234E52EB352BC8
0	-1	-1	1598898556	9	0.0	-1	7E56C27BFF0305E788DA55A029EC4988	ACEBB1033A0E853C11470868111DCD10	-1	-1	E02400CDAD96905D88E932FE9B7D3552	581F2C4F9A2F25626010350957749CDA	E2930B02AA62414DBCE30ADAF80F1BE8	-1	-1	-1	-1	57A1D462A03BD076E029CF9310C11FC5	CE5F62D2C9FEB390C77EE63989A2D0FF	10B35E2549AE8C6BF16D8D6DF3B1DD16 8FEDC93BCDD176DE3895906E09707F44 80670BD9231B20E311DF6A970CECE939 D6A16107C3C4C785F7DEC49230CBF021	E3DDEB04F8AFF944B11943BB57D2F620	A5CD45047416702E370AFB82BAD1F03C
0	-1	-1	1598910885	-1	0.0	-1	D7D1FB49049702BF6338894757E0D959	-1	-1	-1	-1	-1	-1	-1	-1	-1	-1	57A1D462A03BD076E029CF9310C11FC5	CF9B34B49B07B773C317AFD30C47DCBD	-1	E3DDEB04F8AFF944B11943BB57D2F620	D34E1E6E38C361D798B6A6F565917252
0	-1	-1	1598908639	-1	0.0	-1	7E56C27BFF0305E788DA55A029EC4988	-1	-1	-1	-1	-1	-1	-1	-1	-1	-1	57A1D462A03BD076E029CF9310C11FC5	75E687BEA8C819D7BA705363AAD1B4A4	-1	E3DDEB04F8AFF944B11943BB57D2F620	C25B9F8B16376EA975A3CA6E29F463DA
1	10.83	783534	1598896489	-1	10.83	-1	7E56C27BFF0305E788DA55A029EC4988	-1	-1	-1	-1	-1	-1	-1	-1	-1	-1	57A1D462A03BD076E029CF9310C11FC5	E4E679833493328CEF11B660AE04BD77	-1	E3DDEB04F8AFF944B11943BB57D2F620	53A3368BE27C17E51931D8F6B854A3CE
0	-1	-1	1598933830	-1	0.0	-1	D7D1FB49049702BF6338894757E0D959	-1	-1	-1	-1	-1	-1	-1	-1	-1	-1	57A1D462A03BD076E029CF9310C11FC5	604506B661DD72B3B54950BC77EFD696	-1	E3DDEB04F8AFF944B11943BB57D2F620	44A0A42CB92015EC1661873C94073516
1	55.5	1477	1598925539	1	39.0	-1	7E56C27BFF0305E788DA55A029EC4988	-1	-1	68C2D74CE65681DC75F163E0CF47F62C	635623BABBB7DA2E072D8C339F606E15	80DF9DD23FCDB4F869BD699276D0A677	C38F66E32790514C9A7EE57BBFB431CA	298C236CC507428C07F486401957E8C3	-1	-1	-1	57A1D462A03BD076E029CF9310C11FC5	10352C698E8BEDDA8BDB7107CB98AE89	EAE54D289F0E1F601AE382E0F1C5D73C BE6AAFCEF0C219A1BE0716343860D650 4CC744F9F4B5DF35AF208407543F74E5 C15FA45EBF6BDC3A7AF33EE41A9B4589	B85210C048A57F8A8CF4D6B851F57E56	0B4D39A24782FDA74C9945637FB91271
1	87.56	1923598	1598909291	133	0.0	-1	D7D1FB49049702BF6338894757E0D959	EABC1B636057917D23E7EBD3BB9909F7	-1	-1	7F286560861764CCB93C90B7AA833949	939A40D09BD05A13C32B381245670495	87E33E0563FFE783FB56D01E7E09E692	70C58E563C7EC0AB88634CB716AB1BAD	-1	-1	-1	57A1D462A03BD076E029CF9310C11FC5	D06276D6D205606A47D3AB81EFFB1661	11C216AF41313CCF3A6659998CECBB4D 97222245ECD5ECFA5C370A4B87188388 09225A3F2E40B53A49B72A55449EDB3D 01B4FD6F85D4ABCE5D8C778276B18740 3B6A720B2524FE418BD631B69EE38905 CF7EBA4BEE0E27DF373851172EEEDB11 55CFAB73986157616C1FF1E4AEBA83F7	E3DDEB04F8AFF944B11943BB57D2F620	4F5240D76973A12A60AE34B4DBA8B53B
0	-1	-1	1598924720	-1	0.0	-1	7E56C27BFF0305E788DA55A029EC4988	-1	-1	-1	-1	-1	-1	-1	-1	-1	-1	57A1D462A03BD076E029CF9310C11FC5	F10512295D07C37BA7E8B517A2253444	-1	E3DDEB04F8AFF944B11943BB57D2F620	E315A4F193DBE0895F7AB3C8C026F0DA
0	-1	-1	1598916839	-1	0.0	-1	7E56C27BFF0305E788DA55A029EC4988	-1	-1	-1	-1	-1	-1	-1	-1	-1	-1	57A1D462A03BD076E029CF9310C11FC5	8D9D2C93C43BB44919016575D9EB002A	-1	E3DDEB04F8AFF944B11943BB57D2F620	F24188CCBA1EB77733B0C5070405523C
0	-1	-1	1598936433	131	0.0	4C90FD52FC53D2C1C205844CB69575AB	7E56C27BFF0305E788DA55A029EC4988	BDE421AA19391ACD43BA248E21A23D43	1B491180398E2F0390E6A588B3BCE291	05F88AFBDD21B32DEF06CAFC314AAF49	033E492229C2222EFAA16EE8A6462D8B	77FFC91A6157E50A0A114135F18BB1DB	C08050B58F54FA81F4580ECE15296698	067525A83E1875CB1828F4F9ADC752F6	-1	-1	-1	B1D897877EBD2BCE4A722DF0581CDAF5	61F2E7775DBCFBC4655D8AA7B9D290B8	6AE36582B79A724234F5661FA6BF2DBB 5BDBD987318370EF6D856D3B90405B0F 1A3543A1D4BBBBE6669909C9BC2F4C3C C3D14B07213169857F279CB71AA98D4C 2E6B9CE0EBD219441DEE5AFD30F2AC08 BF08F230E46E9294D41B0C849F32CF24	0225D81C97298F6FD63C8868EE8E2228	F870C50787A0E553468076DC4B0C4E79
0	-1	-1	1598883458	0	0.0	4C90FD52FC53D2C1C205844CB69575AB	FF2C446555E3822B0E0FC3406116E86D	-1	1B491180398E2F0390E6A588B3BCE291	FF1F240B1A61B5EE9F0180248CAD567C	033E492229C2222EFAA16EE8A6462D8B	CD599E5A946D00A81A875E085F7EF1E8	-1	-1	-1	-1	-1	B74153C05E08C5657699F356BFDB2D85	E657935C73A09352B0A424740A6F4401	FF1F240B1A61B5EE9F0180248CAD567C 2E1134EC74F28D5E38CEF7033C2951C8 2EC1EED1871A10ACD16C9F34FC0F31D6 E1AD2E38EA54936D6DDAB3CB2DEFD663 2EC1DEB85193BEF729401B4FB226AA8F	868F524A0D97EE7404DFFB3ABA8517CE	F9815DB3A042207F3695089564E13217
0	-1	-1	1598917271	-1	0.0	-1	7E56C27BFF0305E788DA55A029EC4988	-1	-1	-1	-1	-1	-1	-1	-1	-1	-1	-1	-1	-1	B926E8E57093C0E2867B170A37D45682	5E5AE4396C8F6BAE88D7FCFAE32A0A75
1	0.0	1151	1598888238	-1	0.0	-1	7E56C27BFF0305E788DA55A029EC4988	-1	-1	-1	-1	-1	-1	-1	-1	-1	-1	-1	-1	-1	440255DF62CFD36FBC0206828FC488E0	47A7D10CC7DA2AA036E84BC615AF18A0
0	-1	-1	1598897886	22	0.0	88460293E9517D21E39AA889BD5AADC8	D7D1FB49049702BF6338894757E0D959	-1	-1	AF8393D72184D72EC9D55D7C6B10DFD5	62D6A49514020FA0B2E434DB0B506005	50FF54E71F635597F839D2428054DC0C	E024AD4AAD0BFC3DBC319351B1DA0A0A	9DC12A933AA52AD41024118F78FBB8A7	-1	-1	-1	D963E3BCE149E71F5D5E3000DCF68A9F	B90E2ABECD7A0E8703E0EAF63BF43735	44E2EA3C9541608DD75CDCA8E7EF5C1F 308C20A6F819FF6A1B68977E2500FF14 878E6F6CC0299791B5B2F1D7B96CB36D 2C76131E76C30187A0DC7E2BA8551C99	0403781144C992FB9EA92E0A1C58D25F	199181D92DAE7E432DD4565ED5CEF45B
0	-1	-1	1598900008	12	0.0	-1	D7D1FB49049702BF6338894757E0D959	-1	-1	-1	EC997D43AC86A75D9B88A1051F86A67C	1CA629F8F10B2541E08A1A994CDA0F1D	770BB7134E350FC3636B53452A0489E3	-1	-1	-1	-1	57A1D462A03BD076E029CF9310C11FC5	E68ABA8A56E646DFCD21361246359DBF	A96A390A03DB5B6748CBE5739135CA30 79D4D18EEDB01ED277EBC4F75382A3DC A428F58E9ABB2C4C6223DCB373ECCB63	E3DDEB04F8AFF944B11943BB57D2F620	178BC19996B30F3226388CE79FAEB98A
0	-1	-1	1598893447	-1	0.0	-1	7E56C27BFF0305E788DA55A029EC4988	-1	-1	-1	-1	-1	-1	-1	-1	-1	-1	-1	-1	-1	440255DF62CFD36FBC0206828FC488E0	18653C918CE98AF42812CC1BE20E340A
0	-1	-1	1598894177	0	0.0	88460293E9517D21E39AA889BD5AADC8	D7D1FB49049702BF6338894757E0D959	-1	A5D15FC386510762EC0DDFF54ABE6F94	8CDF2C0E44D248E625FB8F1505C8E36B	033E492229C2222EFAA16EE8A6462D8B	CD599E5A946D00A81A875E085F7EF1E8	-1	-1	-1	-1	-1	D963E3BCE149E71F5D5E3000DCF68A9F	979A1FBA871A2C096769E82D0ABA288C	8CDF2C0E44D248E625FB8F1505C8E36B BA7DEF95A941CEDFFF40D3F61233D727 4EA32FECE362AA40D512D4BD8AF18E31 A2E3CC39E540DA47FE5BD7873210A1C2	66643A46398D28F68F00DF71DEAA71D3	997F183D55EB5A1494CE1D57AB79B5AE
1	16.78	686	1598926765	78	8.39	921B36149E5B081FD24450BFE2CE4430	7E56C27BFF0305E788DA55A029EC4988	8500AD0D4542BD1EB7ABDF37F09056F8	C45A9AC6D102ACAEEDF0D6F78636D84A	9101E1040D2051A4741E2978FAFDABA3	E02400CDAD96905D88E932FE9B7D3552	8C84B91F40C9123CDBDA69E17A0281B5	FC20653E4FB8E9221E9FFE034F8D8ED2	-1	-1	-1	-1	D963E3BCE149E71F5D5E3000DCF68A9F	607BB16E7655E60B22BCF0A2891FFD15	FB05F67B7E868983840F2DEAA11082B9 A5A80FFE0C4CEB85DFF2C3FE50C38252 FA8564CDE656AD3D0E38DA09B74E748B BC00FA807AEBDA96A2DD71AE38F339BC EE2BC4B713FB9D678F91954F1133E223	F122B91F6D102E4630817566839A4F1F	2A99B0C23A6292B2F9D67026475C498B
0	-1	-1	1598878371	-1	0.0	-1	7E56C27BFF0305E788DA55A029EC4988	-1	-1	-1	-1	-1	-1	-1	-1	-1	-1	57A1D462A03BD076E029CF9310C11FC5	56EC34D38EAAAC4691BE07F84B92098A	-1	E3DDEB04F8AFF944B11943BB57D2F620	BD7B4C68A847213409CB184F711E70D2
